column,mean,median,mode
Model_Year,2023.4380858923491,2023.0,2023.0
Electric_Range,31.623299134104634,32.0,32.0
DOL_Vehicle_ID,258604994.17425683,268106226.0,172161804.0
